Emilio;Steven;steven.emilio@etucergy.com;c877e3b18368f279da284225be6c3f5793b5f624f2ba11da4e3f4408293d8518;2003-03-03;L2-MI;G1;5eaf6723b69b4;http://etu-cergy.alwaysdata.net/src/files/steven.emilio@etucergy.com.png;
Thiers;Steven;steven.thiers@etucergy.com;ffde1dc957e852c0430642aae908d816794853b598a55015328dfaa89be224d9;1997-06-28;LP-RS;G1;5eaf6723b9888;http://etu-cergy.alwaysdata.net/src/files/steven.thiers@etucergy.com.png;
Thiers;Victor;victor.thiers@etucergy.com;e8c27c1d1712fa2d4efb3d7b2f4d2efe147acffb0fbe0d364b10050469f40144;2001-08-28;L2-MI;G2;5eaf6723bb7bd;http://etu-cergy.alwaysdata.net/src/files/victor.thiers@etucergy.com.png;
Barrier;Joel;joel.barrier@etucergy.com;a0e86c774ec0c5d8ff828a211ebb3358f3f512e5526a18e48617a6e432cde2f3;1995-05-18;L1-MIPI;G1;5eaf6723bd6f2;http://etu-cergy.alwaysdata.net/src/files/joel.barrier@etucergy.com.png;
Calvet;Valerie;valerie.calvet@etucergy.com;7917f549d281c39908c46ec0e6fc511927c77c16bda680e20f732a9786849656;2001-03-08;L2-MI;G2;5eaf6723be68c;http://etu-cergy.alwaysdata.net/src/files/valerie.calvet@etucergy.com.png;
Moss;Charles;charles.moss@etucergy.com;158c23d644c424c6d828b8fe64ad04b157725ac737924369e6f155408ef160b3;2003-05-29;LP-RS;G2;5eaf6723c05d3;http://etu-cergy.alwaysdata.net/src/files/charles.moss@etucergy.com.png;
Abou;Jean-Francois;jean-francois.abou@etucergy.com;1382c04eb102e111e17a607431fe45a355fa1cf296d671598604e00738fed082;1998-09-15;LP-RS;G2;5eaf6723c24f8;http://etu-cergy.alwaysdata.net/src/files/jean-francois.abou@etucergy.com.png;
Grevy;Theophane;theophane.grevy@etucergy.com;c8337fe1573391afc24595a07e893192f9a69c472899498ef30c9b80e4e4252b;2000-05-06;L2-MI;G2;5eaf6723c4437;http://etu-cergy.alwaysdata.net/src/files/theophane.grevy@etucergy.com.png;
Calvet;Robert;robert.calvet@etucergy.com;1f0cf5d62c0102e4b7f55e9d33d6c5d604b298505dbef6118e9f838d2351926c;1997-02-15;LP-RS;G2;5eaf6723c53e9;http://etu-cergy.alwaysdata.net/src/files/robert.calvet@etucergy.com.png;
Takfarinas;Robin;robin.takfarinas@etucergy.com;3b007f5b6770496b64a50c0de3b14200dcf1f6786981fea8b15d480e53a35b26;1995-01-24;L2-MI;G2;5eaf6723c72fc;http://etu-cergy.alwaysdata.net/src/files/robin.takfarinas@etucergy.com.png;
Serina;Amir;amir.serina@etucergy.com;f3af7fa8393430a35cb7300ff29f3b91c9a92598661a85d20feb4dc80d9d3cf9;2001-11-13;L1-MIPI;G2;5eaf6723c9253;http://etu-cergy.alwaysdata.net/src/files/amir.serina@etucergy.com.png;
Rosny;Bob;bob.rosny@etucergy.com;7ccb86d7387a532d3a833db8b27ba42777df6e43f495aad45eb897c0549400a4;2003-09-26;L1-MIPI;G1;5eaf6723cb169;http://etu-cergy.alwaysdata.net/src/files/bob.rosny@etucergy.com.png;
Bourvil;Cheikh;cheikh.bourvil@etucergy.com;48948e07e650a00097b71b42999b6a54b9ec29510990ad45713387c7b55cb36d;1997-05-09;L1-MIPI;G2;5eaf6723cd09e;http://etu-cergy.alwaysdata.net/src/files/cheikh.bourvil@etucergy.com.png;
Doumergue;Caroline;caroline.doumergue@etucergy.com;3876f62f85de1c55629db5d1b6aea05e2fafc581b6b1f839135123be97b80da0;1997-09-17;L2-MI;G2;5eaf6723cefd2;http://etu-cergy.alwaysdata.net/src/files/caroline.doumergue@etucergy.com.png;
Drucker;Rayan;rayan.drucker@etucergy.com;2d788fbe16ef9e3a5fe5ca21bfc802cf68f3a9c367f984f7922ffd01e0bf785f;1996-10-29;L2-MI;G2;5eaf6723cff6c;http://etu-cergy.alwaysdata.net/src/files/rayan.drucker@etucergy.com.png;
Doumer;Adenour;adenour.doumer@etucergy.com;35a4ccbc2cb37a411b1b5e966f94fd21d1c66ebeaa21d36f1d5a2d730395c0de;1995-05-15;LPI-RIWS;G1;5eaf6724d1ea2;http://etu-cergy.alwaysdata.net/src/files/adenour.doumer@etucergy.com.png;
Marley;Jose;jose.marley@etucergy.com;7006dda4ba99130a86d1d189e44879de24cda913feeadbab070949307a473717;2001-10-16;L1-MIPI;G2;5eaf6724d3dd7;http://etu-cergy.alwaysdata.net/src/files/jose.marley@etucergy.com.png;
Meyer;Louis;louis.meyer@etucergy.com;0e8e8e2f17a92a6442b0915d84d291a2628f82a88876bb43a06ed82a33da1179;1997-02-17;LP-RS;G1;5eaf6724d5d0c;http://etu-cergy.alwaysdata.net/src/files/louis.meyer@etucergy.com.png;
Ariols;Emmanuel;emmanuel.ariols@etucergy.com;506fd9f8ed62c5e4b316ec4e72caf162dcd3013f3b8a1752bc7b24540f66ba4e;1997-06-05;L1-MIPI;G1;5eaf6724d7c44;http://etu-cergy.alwaysdata.net/src/files/emmanuel.ariols@etucergy.com.png;
Bouteflika;Rayan;rayan.bouteflika@etucergy.com;d9b243570a718253a578792f0db67a311783230483ebb073f41aecede3f3412d;2002-04-06;L1-MIPI;G1;5eaf6724d9b78;http://etu-cergy.alwaysdata.net/src/files/rayan.bouteflika@etucergy.com.png;
Doumer;Adenour;adenour.doumer@etucergy.com;3854b6919fbe01bf3be3c91c3998c1b39450be6ce04457142614434542a9d31f;1996-06-14;LPI-RIWS;G2;5eaf6724dbaaf;http://etu-cergy.alwaysdata.net/src/files/adenour.doumer@etucergy.com.png;
Deschanel;Georges;georges.deschanel@etucergy.com;0fe7af85576a2d33ba671a155ee14681f7243cb6eba988a7c013694f9d72c409;1997-12-21;LP-RS;G1;5eaf6724dd9e1;http://etu-cergy.alwaysdata.net/src/files/georges.deschanel@etucergy.com.png;
Takfarinas;Lilia;lilia.takfarinas@etucergy.com;85c1729d5d27f1be1f3f6f10393c9ecc46d5cc47e33bee7c267292054ce8bedf;1996-02-21;LP-RS;G2;5eaf6724e08b1;http://etu-cergy.alwaysdata.net/src/files/lilia.takfarinas@etucergy.com.png;
Ariols;Elene;elene.ariols@etucergy.com;ef23b1a8cb0bccaf16f1b65e9ff9f6d7433df9d18497b3e9e28df7f2bed66cb1;1998-03-06;LPI-RIWS;G1;5eaf6724e27e6;http://etu-cergy.alwaysdata.net/src/files/elene.ariols@etucergy.com.png;
Rosny;Stirling;stirling.rosny@etucergy.com;e84bd209fface489aeae59e49581146e2a6e190f2a9e3fea74331f1e08a24b43;2000-07-22;LPI-RIWS;G2;5eaf6724e471d;http://etu-cergy.alwaysdata.net/src/files/stirling.rosny@etucergy.com.png;
Heinsberg;Clemence;clemence.heinsberg@etucergy.com;a36fec1c17b2f31bafc9db689a6e10f070ae7591c40b67f7cc93356550c82e8d;1999-09-04;L1-MIPI;G2;5eaf6724e75ec;http://etu-cergy.alwaysdata.net/src/files/clemence.heinsberg@etucergy.com.png;
Curtis;Georges;georges.curtis@etucergy.com;85af419e307d29bea05ab71ed3446342b0d0f2c14612bd68697c1d1cbb4cadcf;1998-09-25;LP-RS;G1;5eaf6724e9520;http://etu-cergy.alwaysdata.net/src/files/georges.curtis@etucergy.com.png;
Loubet;Farouk;farouk.loubet@etucergy.com;b05b348dbc6edf5a8af2926a65f2414bb601837f0e8c867f966ceb09c592a3c3;2003-03-12;L2-MI;G1;5eaf6724eb457;http://etu-cergy.alwaysdata.net/src/files/farouk.loubet@etucergy.com.png;
Garcin;Nicolas;nicolas.garcin@etucergy.com;aaaa6b23dd3538a9f98b4149df7e64be7ebe719c2f67f0e1152d13d468ced764;1998-12-06;L2-MI;G2;5eaf6724ed38d;http://etu-cergy.alwaysdata.net/src/files/nicolas.garcin@etucergy.com.png;
Nahon;Emmanuel;emmanuel.nahon@etucergy.com;2f8e268af2fcdb89e80df1077fba989d8f5b92b02014c9c46308b2abd4a53a8a;1998-05-09;L1-MIPI;G2;5eaf6724ef2c2;http://etu-cergy.alwaysdata.net/src/files/emmanuel.nahon@etucergy.com.png;
Rosny;Mahomet;mahomet.rosny@etucergy.com;187d4d4967caddc6aa2ead364113639ea8c9ff1a0db722c43eae59fef5249e62;1997-03-11;LP-RS;G2;5eaf6724f11f8;http://etu-cergy.alwaysdata.net/src/files/mahomet.rosny@etucergy.com.png;
Bouteflika;Paris;paris.bouteflika@etucergy.com;688d017d7ab904357e5f039c881497ecf8f525bc32aadbc94093212e9a0acb91;2002-11-13;L1-MIPI;G1;5eaf6724f3132;http://etu-cergy.alwaysdata.net/src/files/paris.bouteflika@etucergy.com.png;
Rosny;Gilbert;gilbert.rosny@etucergy.com;333d20d8ff9a0865a2c6de5cf270b3333c75ff5bfd679492a3e3cceae19641af;2000-06-27;LP-RS;G2;5eaf6724f5061;http://etu-cergy.alwaysdata.net/src/files/gilbert.rosny@etucergy.com.png;
Rosny;Christine;christine.rosny@etucergy.com;d695161911de8b7b39e1e94258258e3bf21d038f7621666657bb997e225e95ae;2000-09-03;L1-MIPI;G1;5eaf6724f6f97;http://etu-cergy.alwaysdata.net/src/files/christine.rosny@etucergy.com.png;
Williams;Rio;rio.williams@etucergy.com;0b1304157a0df26419ec1ae3e2abc6eda72b72643fafae560cd078446211004b;1997-05-12;LPI-RIWS;G2;5eaf6724f8ecc;http://etu-cergy.alwaysdata.net/src/files/rio.williams@etucergy.com.png;
Brassens;Cheikh;cheikh.brassens@etucergy.com;fad4442faed3378b2508ccaf82c32b016fb083c439940780f7639522bff4b287;1999-12-26;L2-MI;G2;5eaf6724fae01;http://etu-cergy.alwaysdata.net/src/files/cheikh.brassens@etucergy.com.png;
Takfarinas;Robin;robin.takfarinas@etucergy.com;0047421ea7bfb88862e300a0de5abd31c6ef2f88e1991bcf5ed0b3e33b648325;2000-03-25;LP-RS;G2;5eaf6724fcd36;http://etu-cergy.alwaysdata.net/src/files/robin.takfarinas@etucergy.com.png;
Cesarini;Chrisitina;chrisitina.cesarini@etucergy.com;e44ed189a63a6c93d1f2d823b8254a77d7852a7032f784eb85a9ed8c223ff2f5;2000-06-03;LPI-RIWS;G2;5eaf6724fdcd3;http://etu-cergy.alwaysdata.net/src/files/chrisitina.cesarini@etucergy.com.png;
Nahon;Pablo;pablo.nahon@etucergy.com;ae78bc6d536b07a242c9a31aed009e259c3e47b970e4ec36d5cf6562b5dfeb7d;1998-02-14;L2-MI;G1;5eaf6724ffc07;http://etu-cergy.alwaysdata.net/src/files/pablo.nahon@etucergy.com.png;
Calvin;Damien;damien.calvin@etucergy.com;931204bb7b30af716f4aa79f8abb6d58a16259039225483814e41eccfc1e1bdc;2002-09-28;L2-MI;G1;5eaf67241b3e;http://etu-cergy.alwaysdata.net/src/files/damien.calvin@etucergy.com.png;
Marsalis;Bob;bob.marsalis@etucergy.com;9860f4500bfaa8a04bacdf3cebf9a88496ecbd8b8a5247818cf4df1fa83ed81b;2000-03-17;LP-RS;G2;5eaf67243a73;http://etu-cergy.alwaysdata.net/src/files/bob.marsalis@etucergy.com.png;
Bourvil;Louis;louis.bourvil@etucergy.com;54b9fa761b24652c6595157b4826ab77576b117e120419be2c43ddd1af7cc5be;1998-06-10;L2-MI;G1;5eaf672459c8;http://etu-cergy.alwaysdata.net/src/files/louis.bourvil@etucergy.com.png;
Bouteflika;Gaillaird-Remi;gaillaird-remi.bouteflika@etucergy.com;33c97abbc56f81e5f0173265d50f9733ccad2252b139cff32cd89efbee217f0a;1995-11-21;L2-MI;G1;5eaf672478dd;http://etu-cergy.alwaysdata.net/src/files/gaillaird-remi.bouteflika@etucergy.com.png;
Calvet;Hans;hans.calvet@etucergy.com;cde85d506ad53be58c675ea6d71f9911503b9cd4d3353e41d66eca76028b1c20;1996-04-26;L1-MIPI;G2;5eaf67249833;http://etu-cergy.alwaysdata.net/src/files/hans.calvet@etucergy.com.png;
Gaillard;Steven;steven.gaillard@etucergy.com;5d3a9124e69b64ac0a727ff3031fdc4b2bcc842ad667514b1b97a6a4af246fe3;2003-10-24;LP-RS;G1;5eaf6724b747;http://etu-cergy.alwaysdata.net/src/files/steven.gaillard@etucergy.com.png;
Haddad;Cheikh;cheikh.haddad@etucergy.com;43440065904dd7607892f8df29edb4f4c87c4497332604508712f70d5eecadd7;2000-12-05;LPI-RIWS;G2;5eaf6724d680;http://etu-cergy.alwaysdata.net/src/files/cheikh.haddad@etucergy.com.png;
Chatelet;Bob;bob.chatelet@etucergy.com;8c52d17838cba54111c1d576c9975681fa3f8f758b705b0605f1da24f9b24393;1995-10-26;L1-MIPI;G2;5eaf67241054c;http://etu-cergy.alwaysdata.net/src/files/bob.chatelet@etucergy.com.png;
Emilio;Martine;martine.emilio@etucergy.com;6ca8d3625e4e36b8234f837843a7a9f60b10a605b9d6f8a9fb0821bc0af8129a;1999-12-14;L1-MIPI;G1;5eaf672412481;http://etu-cergy.alwaysdata.net/src/files/martine.emilio@etucergy.com.png;
Deschanel;Claire;claire.deschanel@etucergy.com;a46df08ad6ca789a2c65739b72b584e6f1bd8b842bbb8c899eb282ec24d3788c;2002-11-03;LP-RS;G1;5eaf6724143b7;http://etu-cergy.alwaysdata.net/src/files/claire.deschanel@etucergy.com.png;
Cesarini;Louis;louis.cesarini@etucergy.com;20e95090bfc7b632a053ff214e05d00e7c55a6b01a567e966f42255f7204251d;2003-01-26;LP-RS;G1;5eaf6724162ee;http://etu-cergy.alwaysdata.net/src/files/louis.cesarini@etucergy.com.png;
Millerand;Victor;victor.millerand@etucergy.com;7cff688441acc2f4c4e9cd615c12da3b0afca60f6cd85e8dd881dd931929b5c0;2002-03-12;LPI-RIWS;G2;5eaf672418224;http://etu-cergy.alwaysdata.net/src/files/victor.millerand@etucergy.com.png;
Loubet;Caroline;caroline.loubet@etucergy.com;e527bf4e2d156954d332d638a83c269bfaa0a69e91b4c41ae360759851d06b54;1996-07-18;L2-MI;G1;5eaf67241a156;http://etu-cergy.alwaysdata.net/src/files/caroline.loubet@etucergy.com.png;
Moss;Nicolas;nicolas.moss@etucergy.com;df281557a01d16027edf8337c6697d37e6ae1aabf4fcd1b25b5407f618c2d1d9;1998-07-03;LPI-RIWS;G1;5eaf67241c0ae;http://etu-cergy.alwaysdata.net/src/files/nicolas.moss@etucergy.com.png;
Bourvil;Peter;peter.bourvil@etucergy.com;28adbedab824569ec75a0e24158e1f5976084c67a5a0c57692078280e1a72e41;1996-11-23;LP-RS;G2;5eaf67241dfc1;http://etu-cergy.alwaysdata.net/src/files/peter.bourvil@etucergy.com.png;
Ariols;Whatss;whatss.ariols@etucergy.com;667429d1ed7ad8ecd143dd4c3c65cba677c8a4dca70ff3eb22c825a2b358ee4d;1996-03-15;L2-MI;G2;5eaf67241ff17;http://etu-cergy.alwaysdata.net/src/files/whatss.ariols@etucergy.com.png;
Cesarini;Bob;bob.cesarini@etucergy.com;3ea21677a7cc01668c2700c20d93a5602d503a21a5255b19fac4acb732f35190;2002-12-11;L2-MI;G2;5eaf672421e2c;http://etu-cergy.alwaysdata.net/src/files/bob.cesarini@etucergy.com.png;
Bouteflika;Elene;elene.bouteflika@etucergy.com;8b2bea78006744a4ba97ab17e8790826d6da834c360a48936a8a366fab8539e5;1998-05-12;LPI-RIWS;G2;5eaf672423d83;http://etu-cergy.alwaysdata.net/src/files/elene.bouteflika@etucergy.com.png;
Macron;Victor;victor.macron@etucergy.com;413fc8b2020632ee40a1f79f3bfd16cdfee5b63e405a52dcc08c451986d41d1a;1998-08-04;LPI-RIWS;G1;5eaf672426c31;http://etu-cergy.alwaysdata.net/src/files/victor.macron@etucergy.com.png;
Garcin;Bob;bob.garcin@etucergy.com;0df93b89c3362b4230e32181bd48f33a3ec756f597ae0b518262a015fc039851;2000-12-02;L1-MIPI;G1;5eaf672428b67;http://etu-cergy.alwaysdata.net/src/files/bob.garcin@etucergy.com.png;
Portal;Bob;bob.portal@etucergy.com;6230d41ec98d986fc22cf7fa1ba1f5f7b4d8d7bc74de95b419aa795fef29745c;1995-08-27;LP-RS;G2;5eaf67242ba37;http://etu-cergy.alwaysdata.net/src/files/bob.portal@etucergy.com.png;
Chaplin;Emmanuel;emmanuel.chaplin@etucergy.com;092292864f3720f9544a73aeef2096d6b3ba585a6c1558a580ff234424380187;2000-09-25;LP-RS;G1;5eaf67242d96b;http://etu-cergy.alwaysdata.net/src/files/emmanuel.chaplin@etucergy.com.png;
Deschanel;Cheikh;cheikh.deschanel@etucergy.com;a348754be18951b2619ccccfbb4921ad2942837b966260f959d16a21dac549b2;2001-04-14;L1-MIPI;G2;5eaf67242f8a2;http://etu-cergy.alwaysdata.net/src/files/cheikh.deschanel@etucergy.com.png;
Bourvil;Close;close.bourvil@etucergy.com;813e4a59e721fcfd9d39356ab0cde115585218ca57d9afcc8a1a0d489a030422;1996-01-20;L1-MIPI;G2;5eaf6724317d9;http://etu-cergy.alwaysdata.net/src/files/close.bourvil@etucergy.com.png;
Takfarinas;Pablo;pablo.takfarinas@etucergy.com;7a6aad0d34873ce2dac39d4b03cd0afb18e7f5148e23e443de723a00613f93b4;1999-08-03;L1-MIPI;G1;5eaf67243372c;http://etu-cergy.alwaysdata.net/src/files/pablo.takfarinas@etucergy.com.png;
Calvin;Diana;diana.calvin@etucergy.com;532e71336ffd2a7d2a3f29554826b3f9a5e16afb08c7f06e8557fb1c7076189b;2003-02-04;LP-RS;G2;5eaf672435642;http://etu-cergy.alwaysdata.net/src/files/diana.calvin@etucergy.com.png;
Gaillard;Georges;georges.gaillard@etucergy.com;368a24c99ba414e5d54d3de788068011aed3ef085205444c82b2ea2e087f1a60;2000-11-22;L1-MIPI;G2;5eaf672437576;http://etu-cergy.alwaysdata.net/src/files/georges.gaillard@etucergy.com.png;
Gaillard;YOUBY;youby.gaillard@etucergy.com;26ad36c42a48310135bd2ad54e6fb5cd9881579099c6af54de7107b92072f42f;2003-06-22;LP-RS;G2;5eaf6724394ab;http://etu-cergy.alwaysdata.net/src/files/youby.gaillard@etucergy.com.png;
Chaplin;Whatss;whatss.chaplin@etucergy.com;621c96c79b2ccc6240ea18b78c9387c4448abdb27a5e9c17bb12eb73e69e1044;1997-11-19;LPI-RIWS;G1;5eaf67243b3e1;http://etu-cergy.alwaysdata.net/src/files/whatss.chaplin@etucergy.com.png;
Portal;Nicolas;nicolas.portal@etucergy.com;b7f70b43acb6d371b9b20574748e0644f80684829d1c3f9a8d796df7624ae97f;2000-08-25;L2-MI;G2;5eaf67243d316;http://etu-cergy.alwaysdata.net/src/files/nicolas.portal@etucergy.com.png;
Macron;Georges;georges.macron@etucergy.com;889f0c043ed02ceceec6804e570a64e151b783d1f967797462d4c84b33f39188;2002-12-24;LPI-RIWS;G2;5eaf67243f24b;http://etu-cergy.alwaysdata.net/src/files/georges.macron@etucergy.com.png;
Bouteflika;Paris;paris.bouteflika@etucergy.com;d352fcc6166937c71c166022b3ee830ff2ed7a1b8a85142188b064aedb42cc6c;2003-04-12;L2-MI;G2;5eaf672441181;http://etu-cergy.alwaysdata.net/src/files/paris.bouteflika@etucergy.com.png;
Takfarinas;Robin;robin.takfarinas@etucergy.com;a2fee90822d0de88d497c160031ec9a06bf935cc64d801d90062747e56223db7;1995-11-29;L1-MIPI;G2;5eaf672444051;http://etu-cergy.alwaysdata.net/src/files/robin.takfarinas@etucergy.com.png;
Zahwani;Madrid;madrid.zahwani@etucergy.com;748b61c3585ecb92896d3e13100a34d38846d78f2d5f1fb0af1cafd91c9657ea;1997-07-13;LPI-RIWS;G2;5eaf672445f87;http://etu-cergy.alwaysdata.net/src/files/madrid.zahwani@etucergy.com.png;
Heinsberg;Pablo;pablo.heinsberg@etucergy.com;6717b9b94000a965d6f6bfb19036b57fe273a644acd701f7ab1dc8d537f3b549;1998-06-27;L2-MI;G2;5eaf672447ebd;http://etu-cergy.alwaysdata.net/src/files/pablo.heinsberg@etucergy.com.png;
Williams;Martin;martin.williams@etucergy.com;50df201f5ff04c06bbc1ff29c27358457c57fe5bb6210de8ce326d750d8c965f;1997-01-01;LPI-RIWS;G2;5eaf672449df2;http://etu-cergy.alwaysdata.net/src/files/martin.williams@etucergy.com.png;
Chaplin;Diana;diana.chaplin@etucergy.com;ec208184c586af618718b9c236fb1e8749941d9176554b331f5cecfe6cf4cdcb;2003-12-21;L1-MIPI;G1;5eaf67244bd26;http://etu-cergy.alwaysdata.net/src/files/diana.chaplin@etucergy.com.png;
Serina;Berlin;berlin.serina@etucergy.com;5e5ac90734fa76d00a6b2f395adf93d2ec28bc30fc2a56c0ec709d201b4edb4d;2000-09-30;L2-MI;G1;5eaf67244dc5b;http://etu-cergy.alwaysdata.net/src/files/berlin.serina@etucergy.com.png;
Takfarinas;Alger;alger.takfarinas@etucergy.com;3887e67e451d6bfe8dc032282321a4d78eb5b02a4a0abd1f84443abef0f66d7d;2000-03-26;L1-MIPI;G1;5eaf67244fb92;http://etu-cergy.alwaysdata.net/src/files/alger.takfarinas@etucergy.com.png;
Dennehy;Victor;victor.dennehy@etucergy.com;3dc8d28f750ffe20e95a6886560c56456fd6d732069fc558569088ec37576fc4;1996-10-20;L2-MI;G2;5eaf672451ac6;http://etu-cergy.alwaysdata.net/src/files/victor.dennehy@etucergy.com.png;
Stop;Close;close.stop@etucergy.com;167c6f2586f11d49a3973a756fe47eee4c52703e680bced53349eec91f231b90;1998-06-24;L2-MI;G1;5eaf6724539fb;http://etu-cergy.alwaysdata.net/src/files/close.stop@etucergy.com.png;
Garcin;Akli;akli.garcin@etucergy.com;3ffaf18157a1d2dfe55dd67977cec444d44dafec90da8111daf0e1269834640e;1997-02-21;LP-RS;G2;5eaf672455931;http://etu-cergy.alwaysdata.net/src/files/akli.garcin@etucergy.com.png;
Drucker;Emmanuel;emmanuel.drucker@etucergy.com;34e5135e40b3bf7c679e12d147a93e5b449b462cda397734ccb9a0a5806f7c78;1997-04-16;L1-MIPI;G2;5eaf672457868;http://etu-cergy.alwaysdata.net/src/files/emmanuel.drucker@etucergy.com.png;
Hazard;Jacqueline;jacqueline.hazard@etucergy.com;0873e6d4e83770437f0aedba650a474a451d29baab5d710db3e04bbd93586fdd;2000-12-25;LPI-RIWS;G1;5eaf672458804;http://etu-cergy.alwaysdata.net/src/files/jacqueline.hazard@etucergy.com.png;
Poincare;Bruce;bruce.poincare@etucergy.com;3e65f94227fddf697d8f20f217df53b5fb4a00477242d70955834d1e4031c8ef;1999-09-16;L1-MIPI;G1;5eaf67245a738;http://etu-cergy.alwaysdata.net/src/files/bruce.poincare@etucergy.com.png;
Lemaire;Whatss;whatss.lemaire@etucergy.com;9d4d30c46f8be6b497051da716f4a0c920c6c9ab9e4a13fe76e4a8505191042e;1996-03-21;LP-RS;G2;5eaf67245c66c;http://etu-cergy.alwaysdata.net/src/files/whatss.lemaire@etucergy.com.png;
Lee;Charles;charles.lee@etucergy.com;598f5b88cfec5817aeca7ff1560d6a9bf7d979af6513ac50b72ad7a5bf84f6dc;1999-11-13;LPI-RIWS;G2;5eaf67245e5a2;http://etu-cergy.alwaysdata.net/src/files/charles.lee@etucergy.com.png;
Lemaire;Steven;steven.lemaire@etucergy.com;da0ffe7dee4ea1aa4b7d0a12023f11a4e7d580941b4b45594b514147e3d8214b;1995-03-29;L2-MI;G1;5eaf672461471;http://etu-cergy.alwaysdata.net/src/files/steven.lemaire@etucergy.com.png;
Meyer;Hans;hans.meyer@etucergy.com;86514607bc7e1182cea4100a95d5c02182db4e620a7976543d0cfbc6e0f0e37a;2001-01-28;L1-MIPI;G1;5eaf6724633b2;http://etu-cergy.alwaysdata.net/src/files/hans.meyer@etucergy.com.png;
Macron;Robert;robert.macron@etucergy.com;f1594f5ada81cb0b0f5b5bed37cd719a74395c5b40c9842bbe5afd9463b324f0;1998-11-03;L1-MIPI;G1;5eaf6724652dc;http://etu-cergy.alwaysdata.net/src/files/robert.macron@etucergy.com.png;
Doumergue;Bob;bob.doumergue@etucergy.com;c1c7492a49e2ce391d0f2ff7a6a2cef1a99bff2d2ab6f134d392ba8fb532e940;1996-08-03;L1-MIPI;G1;5eaf672467230;http://etu-cergy.alwaysdata.net/src/files/bob.doumergue@etucergy.com.png;
Hazard;Arthur;arthur.hazard@etucergy.com;1b689812833b6eb2da7a9698db65ef9246487fd62854125425a978405e24e43b;1997-12-05;LP-RS;G2;5eaf672469146;http://etu-cergy.alwaysdata.net/src/files/arthur.hazard@etucergy.com.png;
Bourvil;Cheikh;cheikh.bourvil@etucergy.com;367c5571796713a94f9472b51cebdf425f79702cb6fa24a6e6a5809cb657a691;1996-08-26;LPI-RIWS;G2;5eaf67246b07b;http://etu-cergy.alwaysdata.net/src/files/cheikh.bourvil@etucergy.com.png;
Williams;Chrisitina;chrisitina.williams@etucergy.com;6fea3906f21114cb6c1091551c7a8b7bb2590cd9aa0b102b79704141c96faeec;2000-07-11;LP-RS;G2;5eaf67246cfd1;http://etu-cergy.alwaysdata.net/src/files/chrisitina.williams@etucergy.com.png;
Serina;Cheikh;cheikh.serina@etucergy.com;86224ef136f991b223ef2deedefda1dabb1da168f1055d71b9d618b972a0246c;1996-02-15;LP-RS;G2;5eaf67246eee6;http://etu-cergy.alwaysdata.net/src/files/cheikh.serina@etucergy.com.png;
Takfarinas;Gaillaird-Remi;gaillaird-remi.takfarinas@etucergy.com;b4866dfa09c2391f156dc99ae838775c2f7d058819dcc550fdce7c4e6833f2ee;2000-06-22;L2-MI;G2;5eaf672470e3c;http://etu-cergy.alwaysdata.net/src/files/gaillaird-remi.takfarinas@etucergy.com.png;
Loubet;Louis;louis.loubet@etucergy.com;f44eb9912d0365c053b88cb8f65d2fd395544fb855557b058d75dbc1202416b2;1996-09-30;LP-RS;G1;5eaf672472d50;http://etu-cergy.alwaysdata.net/src/files/louis.loubet@etucergy.com.png;
Heinsberg;Robin;robin.heinsberg@etucergy.com;31b5ce3a5f2555ac688120e06d54fd1dbeda835ab9f52f201ecce3a7df9ab242;1998-12-12;L2-MI;G2;5eaf672474c87;http://etu-cergy.alwaysdata.net/src/files/robin.heinsberg@etucergy.com.png;
Brassens;Henry;henry.brassens@etucergy.com;c260c98341a9f10606d61b47396e4632851d2f8877b458d25eaa5fadfc166132;1996-08-04;LPI-RIWS;G2;5eaf672476bc9;http://etu-cergy.alwaysdata.net/src/files/henry.brassens@etucergy.com.png;
Hatch;Berlin;berlin.hatch@etucergy.com;8da17652b1858cf8db7d7fa0c53a9b50c7e77b5158b4a276c78f8bf5c169ae7e;2002-11-15;L1-MIPI;G1;5eaf672478af3;http://etu-cergy.alwaysdata.net/src/files/berlin.hatch@etucergy.com.png;
Curtis;Jean;jean.curtis@etucergy.com;7200108c7933b9ff32f44225e1211b2bffded23d8a8de2b84516fae5864a05ab;2001-07-04;L1-MIPI;G2;5eaf67247aa28;http://etu-cergy.alwaysdata.net/src/files/jean.curtis@etucergy.com.png;
